{"mean": [1.4, 0.008628185838460922, 4.0, 9.0, 0.8964617729187012, 6.384519577026367, 34.3, 6.0, 23.5, 4.554262161254883, 0.0, 0.0, 0.0, 0.0, 0.0, 0.0, 0.0, 0.4361970216035843, 0.466318678855896], "scale": [0.6633249580710802, 2.248864620923996e-05, 1.0, 1.0, 0.00026986598968505856, 0.004978179931640625, 1.0999999999999999, 1.0, 0.5, 0.030700206756591797, 1.0, 1.0, 1.0, 1.0, 1.0, 1.0, 1.0, 0.30845753641216894, 0.30687996164508413], "var": [0.4400000000000002, 5.057392083243628e-10, 0.0, 0.0, 7.282765238869614e-08, 2.4782275431789458e-05, 1.2099999999999997, 0.0, 0.25, 0.0009425026948974846, 0.0, 0.0, 0.0, 0.0, 0.0, 0.0, 0.0, 0.09514605176946453, 0.09417531085928829]}