{"mean": [4.973294506196953, 0.026705493803046983, 5.0, 0.9946589014720179, 4.947828402998535, 2.0569622500799034, 110.8063961653745, 4616.304804858127, 7809.8613624131385, 25.998508469761, 18113.177279022693, 0.4760971652510759, 18465.225966831207, 2.027810551168161, 66.4975744949387, 4.217088675023971, 0.4323306935615611, 0.4323306935615611, 0.152082236772377], "scale": [0.2570030177028522, 0.2570030177028522, 1.0, 0.05140060198749498, 0.44375726734681187, 0.8061218710588245, 120.28586419683822, 111949.08687583197, 190146.26700005104, 1197.8661164433456, 441210.9332402178, 0.3985674514497457, 447796.3472250729, 0.8384579425485562, 72.18991581300914, 1.021136351210595, 0.49539970222644025, 0.49539970222644025, 0.1282526093250468], "var": [0.06605055110837257, 0.06605055110837257, 0.0, 0.002642021884676873, 0.19692051232310986, 0.6498324709993801, 14468.689125580207, 12532598052.332573, 36155602854.054695, 1434883.232923063, 194667087610.70392, 0.15885601335514538, 200521568588.11804, 0.7030117214227579, 5211.3839450893465, 1.0427194477636876, 0.24542086496604568, 0.24542086496604568, 0.016448731798683083]}