{"mean": [7.882352941176471, 0.01010217409416595, 6.0, 12.058823529411764, 0.7767206623273737, 6.521351309383617, 88.32352941176471, 5.0, 52.1764705882353, 5.703544981339398, 0.0, 0.24966109061942382, 0.0, 0.0, 0.0, 0.0, 0.0, 0.49691392744288726, 0.8979694773169125], "scale": [1.0506218293818679, 0.008861918432857252, 1.0, 0.2352941176470589, 0.0024886925078147918, 0.008307654287385273, 2.877096046519764, 1.0, 2.5949111764838566, 0.07170416549308146, 1.0, 0.023740619612359667, 1.0, 1.0, 1.0, 1.0, 1.0, 0.36299054716069123, 0.27966066839711723], "var": [1.103806228373703, 7.853359831061512e-05, 0.0, 0.055363321799307995, 6.193590398453478e-06, 6.90171197587109e-05, 8.277681660899656, 0.0, 6.733564013840833, 0.005141487349059215, 0.0, 0.0005636170195787566, 0.0, 0.0, 0.0, 0.0, 0.0, 0.131762137328018, 0.07821008944832238]}